stress_level,anxiety_level,depression,self_esteem,sleep_quality,social_support,peer_pressure
0,5.431635388739946,6.013404825737266,25.25201072386059,4.160857908847185,2.60857908847185,1.7211796246648794
1,11.430167597765363,11.874301675977653,19.262569832402235,2.5558659217877095,2.2793296089385473,2.4860335195530725
2,16.40108401084011,19.829268292682926,8.78048780487805,1.3360433604336044,1.0,4.100271002710027
