,anxiety_level,self_esteem,mental_health_history,depression,headache,blood_pressure,sleep_quality,breathing_problem,noise_level,living_conditions,safety,basic_needs,academic_performance,study_load,teacher_relationship,career_concerns,social_support,peer_pressure,extracurriculars,bullying
class_0,-0.13121446321979305,0.20782979061193327,0.1790625047754408,-0.04859009101951872,-0.2402194287590065,2.017709577520651,0.10992775002259816,-0.01283108520720503,-0.08938603502808674,-0.013591519836844016,0.22032365182827637,0.33384026865283506,0.31934708712292964,-0.2996271578908023,0.2502658808313886,0.04006328409990238,1.8875546041453954,-0.030097741919952913,-0.16529429292505501,-0.14316657420437706
class_1,0.23372182691400442,0.23071892871174304,-0.2436037524084055,-0.13138797446228812,-0.09340082270890773,-2.7301435249387693,0.18515896578527738,-0.026178097454431358,-0.1475717990244216,0.05531035352059791,-0.08217037676146258,-0.15149927184951545,0.06240053902206838,0.15875138428411797,-0.34123403500946503,-0.013330863659832094,-1.3668624282367767,-0.13833249254503724,-0.01792119281198097,-0.0736736513658491
class_2,-0.10250736369421173,-0.43854871932367673,0.06454124763296122,0.17997806548180897,0.3336202514679163,0.7124339474181188,-0.295086715807875,0.03900918266163397,0.23695783405250945,-0.04171883368375384,-0.1381532750668148,-0.1823409968033214,-0.38174762614499763,0.14087577360668466,0.09096815417807504,-0.02673242044006983,-0.5206921759086179,0.16843023446498956,0.18321548573703633,0.2168402255702211
